<?xml version="1.0" encoding="UTF-8"?>
<!DOCTYPE mapper PUBLIC "-//mybatis.org//DTD Mapper 3.0//EN" "http://mybatis.org/dtd/mybatis-3-mapper.dtd">
<mapper namespace="com.my-blog-system.mapper.ArticleMapper">

    <select id="articleList" resultType="com.pizza.myblogsystem.vo.ArticleVo">
        SELECT
        art.article_id,
        art.article_title,
        art.article_publish_time,
        art.article_view,
        art.article_thumbs,
        art.article_collection,
        u.user_id,
        u.user_name
        FROM
        article art
        LEFT JOIN user u on u.user_id = art.user_id
        <where>
            <if test="articleId != null and articleId !=''">
                and art.article_id = #{articleId}
            </if>
            <if test="articleTitle != null and articleTitle !=''">
                and art.article_title like concat('%',#{articleTitle},'%')
            </if>
        </where>
        ORDER BY art.article_publish_time desc
    </select>

    <select id="articleListView" resultType="com.pizza.myblogsystem.vo.ArticleVo">
        SELECT
            art.article_id,
            art.article_title,
            art.article_publish_time,
            art.article_view,
            art.article_thumbs,
            art.article_collection,
            u.user_id,
            u.user_name
        FROM
            article art
        LEFT JOIN user u on u.user_id = art.user_id
            LIMIT 20

        <where>
            <if test="articleTitle != null and articleTitle !=''">
                and art.article_title like concat('%',#{articleTitle},'%')
            </if>
        </where>
        ORDER BY art.article_publish_time desc
    </select>

    <select id="getIndexArticle" resultType="com.pizza.myblogsystem.vo.ArticleVo">
        SELECT
            art.article_id,
            art.article_title,
            art.article_publish_time,
            art.article_view,
            art.article_thumbs,
            art.article_collection
        FROM
            article art
        ORDER BY art.article_publish_time desc
            LIMIT 20
    </select>

    <select id="getArticle" resultType="com.pizza.myblogsystem.vo.ArticleVo">
        SELECT
        art.article_id,
        art.article_title,
        art.article_content,
        art.article_publish_time,
        art.article_view,
        art.article_thumbs,
        art.article_collection,
        u.user_id,
        u.user_name
        FROM
        article art
        LEFT JOIN user u on u.user_id = art.user_id

        <where>
            <if test="articleId != null and articleId !=''">
                and art.article_id = #{articleId}
            </if>
        </where>
    </select>

</mapper>
